{"gcc": {"mips": [[40.11094, "735fbf13"], [37.7469, "61fdd890"]], "best_mips": 40.11094, "best_hash": "735fbf13", "regressed_hash": null}, "llvm": {"mips": [[20.75092, "735fbf13"], [22.24306, "61fdd890"]], "best_mips": 22.24306, "best_hash": "61fdd890", "regressed_hash": null}, "tcc": {"mips": [[28.24592, "735fbf13"], [30.269379999999998, "61fdd890"]], "best_mips": 30.269379999999998, "best_hash": "61fdd890", "regressed_hash": null}}