{"gcc": {"mips": [[40.11094, "735fbf13"], [37.7469, "61fdd890"], [37.12536, "7f7d2a0e"], [38.5592, "5b1e123d"]], "best_mips": 40.11094, "best_hash": "735fbf13", "regressed_hash": null}, "llvm": {"mips": [[20.75092, "735fbf13"], [22.24306, "61fdd890"], [22.33746, "7f7d2a0e"], [21.4736, "5b1e123d"]], "best_mips": 22.33746, "best_hash": "7f7d2a0e", "regressed_hash": null}, "tcc": {"mips": [[28.24592, "735fbf13"], [30.269379999999998, "61fdd890"], [31.0053, "7f7d2a0e"], [27.22852, "5b1e123d"]], "best_mips": 31.0053, "best_hash": "7f7d2a0e", "regressed_hash": null}}